{"cameraMode":{"drawMode":0,"name":"Shaded","section":"Shading Mode"},"sceneLighting":true,"audioPlay":false,"sceneViewState":{"m_AlwaysRefresh":false,"showFog":true,"showSkybox":true,"showFlares":true,"showImageEffects":true,"showParticleSystems":true,"showVisualEffectGraphs":true,"m_FxEnabled":true},"in2DMode":false,"pivot":{"x":-0.14213502407073975,"y":2.1505541801452638,"z":-2.4652364253997804},"rotation":{"x":-0.10236532241106034,"y":0.1125524640083313,"z":-0.01165800727903843,"w":-0.9882997870445252},"size":0.2919313311576843,"orthographic":false}