{"cameraMode":{"drawMode":0,"name":"Shaded","section":"Shading Mode"},"sceneLighting":true,"audioPlay":false,"sceneViewState":{"m_AlwaysRefresh":false,"showFog":true,"showSkybox":true,"showFlares":true,"showImageEffects":true,"showParticleSystems":true,"showVisualEffectGraphs":true,"m_FxEnabled":true},"in2DMode":false,"pivot":{"x":-0.03539970517158508,"y":-0.06000000238418579,"z":37.20439910888672},"rotation":{"x":-0.14735780656337739,"y":0.6709879636764526,"z":-0.13861404359340669,"w":-0.7133654952049255},"size":0.7495923638343811,"orthographic":true}