{"cameraMode":{"drawMode":0,"name":"Shaded","section":"Shading Mode"},"sceneLighting":true,"audioPlay":false,"sceneViewState":{"m_AlwaysRefresh":false,"showFog":true,"showSkybox":true,"showFlares":true,"showImageEffects":true,"showParticleSystems":true,"showVisualEffectGraphs":true,"m_FxEnabled":true},"in2DMode":false,"pivot":{"x":-0.8887255191802979,"y":2.1071887016296388,"z":3.4931883811950685},"rotation":{"x":0.11090137809515,"y":0.056068405508995059,"z":-0.0062970127910375599,"w":0.9923609495162964},"size":1.3227777481079102,"orthographic":false}