{"cameraMode":{"drawMode":0,"name":"Shaded","section":"Shading Mode"},"sceneLighting":true,"audioPlay":false,"sceneViewState":{"m_AlwaysRefresh":false,"showFog":true,"showSkybox":true,"showFlares":true,"showImageEffects":true,"showParticleSystems":true,"showVisualEffectGraphs":true,"m_FxEnabled":true},"in2DMode":false,"pivot":{"x":318.01226806640627,"y":1250.5634765625,"z":2.819671630859375},"rotation":{"x":-0.004209034610539675,"y":0.008396286517381668,"z":-0.00003550736073520966,"w":-0.9999662041664124},"size":1017.3546142578125,"orthographic":false}