{"cameraMode":{"drawMode":0,"name":"Shaded","section":"Shading Mode"},"sceneLighting":true,"audioPlay":false,"sceneViewState":{"m_AlwaysRefresh":false,"showFog":true,"showSkybox":true,"showFlares":true,"showImageEffects":true,"showParticleSystems":true,"showVisualEffectGraphs":true,"m_FxEnabled":true},"in2DMode":false,"pivot":{"x":-0.308125376701355,"y":4.120845794677734,"z":1.675276279449463},"rotation":{"x":0.2203589379787445,"y":0.059688057750463489,"z":-0.013509420678019524,"w":0.9735304117202759},"size":12.622106552124024,"orthographic":false}