{"cameraMode":{"drawMode":0,"name":"Shaded","section":"Shading Mode"},"sceneLighting":true,"audioPlay":false,"sceneViewState":{"m_AlwaysRefresh":false,"showFog":true,"showSkybox":true,"showFlares":true,"showImageEffects":true,"showParticleSystems":true,"showVisualEffectGraphs":true,"m_FxEnabled":true},"in2DMode":false,"pivot":{"x":-0.5304880142211914,"y":0.6118944883346558,"z":13.305974960327149},"rotation":{"x":-0.1551368236541748,"y":0.08198948204517365,"z":-0.012921185232698918,"w":-0.9843998551368713},"size":3.57728910446167,"orthographic":false}