{"cameraMode":{"drawMode":0,"name":"Shaded","section":"Shading Mode"},"sceneLighting":true,"audioPlay":false,"sceneViewState":{"m_AlwaysRefresh":false,"showFog":true,"showSkybox":true,"showFlares":true,"showImageEffects":true,"showParticleSystems":true,"showVisualEffectGraphs":true,"m_FxEnabled":true},"in2DMode":false,"pivot":{"x":0.4650091528892517,"y":10.406603813171387,"z":-24.318498611450197},"rotation":{"x":0.3488655984401703,"y":-0.014056584797799588,"z":0.005233325529843569,"w":0.9370631575584412},"size":1.8292407989501954,"orthographic":true}