{"cameraMode":{"drawMode":0,"name":"Shaded","section":"Shading Mode"},"sceneLighting":true,"audioPlay":false,"sceneViewState":{"m_AlwaysRefresh":false,"showFog":true,"showSkybox":true,"showFlares":true,"showImageEffects":true,"showParticleSystems":true,"showVisualEffectGraphs":true,"m_FxEnabled":true},"in2DMode":false,"pivot":{"x":0.08169202506542206,"y":13.758296966552735,"z":8.157398223876954},"rotation":{"x":0.44385918974876406,"y":0.005374441388994455,"z":-0.00267238263040781,"w":0.8961034417152405},"size":4.97707986831665,"orthographic":false}