{"cameraMode":{"drawMode":0,"name":"Shaded","section":"Shading Mode"},"sceneLighting":true,"audioPlay":false,"sceneViewState":{"m_AlwaysRefresh":false,"showFog":true,"showSkybox":true,"showFlares":true,"showImageEffects":true,"showParticleSystems":true,"showVisualEffectGraphs":true,"m_FxEnabled":true},"in2DMode":false,"pivot":{"x":298.820556640625,"y":1313.4847412109375,"z":0.9827423095703125},"rotation":{"x":-0.27077820897102358,"y":0.008949106559157372,"z":-0.0025179546792060138,"w":-0.9626139402389526},"size":0.8660253882408142,"orthographic":false}